[
  {
    "account": "Primary",
    "enabled": true,
    "plugins": [
      {
        "type": "SQLiteImport",
        "accountName": "primary",
        "dbFileName": "db-files/accountData.db"
      }
    ],
    "startBalance": null,
    "PNL": []
  },
  {
    "account": "Account2",
    "enabled": false,
    "plugins": [
      {
        "type": "SQLiteImport",
        "accountName": "primary",
        "dbFileName": "db-files/accountData.db"
      }
    ],
    "startBalance": null,
    "PNL": []
  },
  {
    "account": "Account3",
    "enabled": false,
    "plugins": [
      {
        "type": "SQLiteImport",
        "accountName": "primary",
        "dbFileName": "db-files/accountData.db"
      }
    ],
    "startBalance": null,
    "PNL": []
  }
]