[
  {
    "account": "Primary bot",
    "enabled": true,
    "plugins": [
      {
        "type": "SQLiteImport",
        "accountName": "primary",
        "dbFileName": "db-files/accountData.db"
      }
    ],
    "PNL": [
      [
        "2021-02-27",
        5.23
      ],
      [
        "2021-02-26",
        31.83
      ],
      [
        "2021-02-25",
        27.86
      ],
      [
        "2021-02-24",
        16.86
      ],
      [
        "2021-02-23",
        38.51
      ],
      [
        "2021-02-22",
        29.05
      ],
      [
        "2021-02-21",
        27.33
      ],
      [
        "2021-02-20",
        18.25
      ],
      [
        "2021-02-19",
        7.62
      ],
      [
        "2021-02-18",
        8.48
      ],
      [
        "2021-02-17",
        12.93
      ],
      [
        "2021-02-16",
        12.46
      ],
      [
        "2021-02-15",
        26.03
      ],
      [
        "2021-02-14",
        22.90
      ],
      [
        "2021-02-13",
        38.17
      ],
      [
        "2021-02-12",
        24.63
      ],
      [
        "2021-02-11",
        20.54
      ],
      [
        "2021-02-10",
        -990.66
      ],
      [
        "2021-02-09",
        24.58
      ],
      [
        "2021-02-08",
        34.45
      ],
      [
        "2021-02-07",
        30.80
      ],
      [
        "2021-02-06",
        44.58
      ],
      [
        "2021-02-05",
        27.84
      ],
      [
        "2021-02-04",
        36.35
      ],
      [
        "2021-02-03",
        19.50
      ],
      [
        "2021-02-02",
        30.33
      ],
      [
        "2021-02-01",
        18.89
      ],
      [
        "2021-01-31",
        18.41
      ],
      [
        "2021-01-30",
        9.04
      ],
      [
        "2021-01-29",
        -42.21
      ],
      [
        "2021-01-28",
        11.18
      ],
      [
        "2021-01-27",
        6.05
      ],
      [
        "2021-01-26",
        6.91
      ],
      [
        "2021-01-25",
        11.65
      ],
      [
        "2021-01-24",
        8.44
      ],
      [
        "2021-01-23",
        12.68
      ],
      [
        "2021-01-22",
        2.40
      ]
    ]
  },
  {
    "account": "Coming in hot 🚀",
    "enabled": true,
    "plugins": [
      {
        "type": "SQLiteImport",
        "accountName": "medium",
        "dbFileName": "db-files/accountData.db"
      }
    ],
    "PNL": []
  },
  {
    "account": "🔥 Insane",
    "enabled": true,
    "plugins": [
      {
        "type": "SQLiteImport",
        "accountName": "insane",
        "dbFileName": "db-files/accountData.db"
      }
    ],
    "PNL": [
      [
        "2021-02-27",
        4.06
      ],
      [
        "2021-02-26",
        -417.95
      ],
      [
        "2021-02-25",
        66.04
      ],
      [
        "2021-02-24",
        37.85
      ],
      [
        "2021-02-23",
        133.95
      ],
      [
        "2021-02-22",
        17.91
      ],
      [
        "2021-02-21",
        86.76
      ],
      [
        "2021-02-20",
        56.50
      ],
      [
        "2021-02-19",
        59.79
      ],
      [
        "2021-02-18",
        46.46
      ],
      [
        "2021-02-17",
        31.05
      ],
      [
        "2021-02-16",
        34.47
      ],
      [
        "2021-02-15",
        -145.21
      ],
      [
        "2021-02-14",
        119.40
      ],
      [
        "2021-02-13",
        112.11
      ],
      [
        "2021-02-12",
        31.17
      ],
      [
        "2021-02-11",
        22.71
      ],
      [
        "2021-02-10",
        -264.73
      ],
      [
        "2021-02-09",
        15.06
      ],
      [
        "2021-02-08",
        26.30
      ],
      [
        "2021-02-07",
        23.70
      ],
      [
        "2021-02-06",
        50.88
      ],
      [
        "2021-02-05",
        34.47
      ],
      [
        "2021-02-04",
        14.10
      ],
      [
        "2021-02-03",
        8.27
      ],
      [
        "2021-02-02",
        13.58
      ],
      [
        "2021-02-01",
        12.36
      ],
      [
        "2021-01-31",
        13.44
      ],
      [
        "2021-01-30",
        9.03
      ],
      [
        "2021-01-29",
        -273.07
      ],
      [
        "2021-01-28",
        21.01
      ],
      [
        "2021-01-27",
        14.64
      ],
      [
        "2021-01-26",
        11.12
      ],
      [
        "2021-01-25",
        9.47
      ],
      [
        "2021-01-24",
        -130.00
      ],
      [
        "2021-01-23",
        32.56
      ],
      [
        "2021-01-22",
        23.89
      ],
      [
        "2021-01-21",
        21.99
      ],
      [
        "2021-01-20",
        38.51
      ],
      [
        "2021-01-19",
        26.59
      ],
      [
        "2021-01-18",
        -111.64
      ],
      [
        "2021-01-17",
        36.95
      ],
      [
        "2021-01-16",
        24.52
      ],
      [
        "2021-01-15",
        15.08
      ],
      [
        "2021-01-14",
        7.44
      ],
      [
        "2021-01-13",
        11.26
      ],
      [
        "2021-01-12",
        18.75
      ],
      [
        "2021-01-11",
        27.36
      ],
      [
        "2021-01-10",
        22.20
      ],
      [
        "2021-01-09",
        12.17
      ],
      [
        "2021-01-08",
        -73.31
      ],
      [
        "2021-01-07",
        57.73
      ],
      [
        "2021-01-06",
        17.29
      ],
      [
        "2021-01-05",
        66.91
      ],
      [
        "2021-01-04",
        19.44
      ],
      [
        "2021-01-03",
        92.27
      ],
      [
        "2021-01-02",
        116.58
      ],
      [
        "2021-01-01",
        11.23
      ],
      [
        "2020-12-31",
        13.41
      ],
      [
        "2020-12-30",
        10.14
      ],
      [
        "2020-12-29",
        22.24
      ],
      [
        "2020-12-28",
        11.79
      ],
      [
        "2020-12-27",
        28.63
      ],
      [
        "2020-12-26",
        5.24
      ],
      [
        "2020-12-25",
        5.82
      ],
      [
        "2020-12-24",
        2.57
      ],
      [
        "2020-12-23",
        17.52
      ],
      [
        "2020-12-22",
        1.80
      ]
    ]
  },
  {
    "account": "🔥🔥 Ultra Insane",
    "enabled": false,
    "plugins": [
      {
        "type": "SQLiteImport",
        "accountName": "ultra-insane",
        "dbFileName": "db-files/accountData.db"
      }
    ],
    "PNL": []
  },
  {
    "account": "Georgie bot",
    "enabled": false,
    "plugins": [
      {
        "type": "SQLiteImport",
        "accountName": "ultra-insane",
        "dbFileName": "db-files/accountData.db"
      }
    ],
    "PNL": []
  },
  {
    "account": "Franz bot",
    "enabled": false,
    "plugins": [
      {
        "type": "SQLiteImport",
        "accountName": "ultra-insane",
        "dbFileName": "db-files/accountData.db"
      }
    ],
    "PNL": []
  }
]